DNI_ponente,Cod_capacitacion
18379388,155
68530100,93
62868939,101
85569461,251
14792639,439
17499639,84
33741692,111
21271785,98
60354388,152
95184809,191
45123707,380
35948010,38
71637211,51
96506356,95
18891896,476
17554932,66
94773657,211
55829145,56
08043304,256
66104982,23
03021744,458
85683702,158
57150286,174
69942959,277
59296307,41
27956158,381
38226316,116
43142857,72
92683032,389
57896430,199
32595224,171
07079866,496
35687212,129
24133781,47
67074859,211
51433765,285
64436043,30
67966406,443
37914571,52
64227979,383
37332122,41
81238877,218
82015960,387
55555358,177
79546744,163
26728018,493
75694991,198
12671569,69
27660892,394
21219115,417
69949340,391
47038354,127
83788249,498
00087997,330
92428038,143
76001124,495
93430459,181
24077610,193
91732149,209
84285722,197
31433072,303
59544806,410
54490483,180
25270181,181
19853469,153
99527822,385
30377585,153
99256042,170
52590524,435
86016191,54
98313871,417
89827692,466
80688913,320
64649209,18
74971263,234
92979186,105
84557725,406
74014701,391
47523565,51
45397669,217
14979194,171
03565239,101
45472381,115
94766084,328
11432742,475
62868939,332
72488900,137
62447956,194
75939043,161
22196096,338
15945358,280
82096804,138
83479230,162
25071842,328
94666976,454
63692996,418
10484047,148
65913053,301
69690370,494
27660892,17
72563009,365
52363264,213
95937562,203
92298928,311
59544806,472
06928479,465
72058547,296
56648905,142
03360821,484
07601993,24
15945358,16
19923351,415
03817291,166
39767222,280
16518965,199
58546062,130
83017373,351
65505709,122
76100108,455
25270181,272
07152409,286
81502139,31
35254291,192
75700310,392
32469287,144
95514719,467
82424128,64
60189846,177
40964815,451
95654648,391
71510312,460
34094310,418
94228225,422
73413093,366
84392014,325
05348484,157
58369809,227
91940458,45
54086768,214
09438612,448
48417566,59
34164547,222
71019326,297
91292807,205
92168139,62
20668460,251
24950743,323
48799630,185
15792863,62
97590370,474
81620060,394
07793164,351
56707450,172
22457759,393
46818752,39
89827692,448
52186192,108
92080762,73
62065425,274
58369809,359
20762089,79
89277350,210
26759253,132
30150963,499
00844758,152
92825340,435
80960192,457
50992007,20
37477720,387
88299353,367
24634488,107
47618898,228
81731207,190
61905589,326
21922005,432
49048193,5
59412237,147
88625645,118
82728446,315
37722269,179
37893785,295
87039078,14
30896199,104
28135992,234
92022190,300
10816216,122
45626116,121
97005927,180
85569461,4
67824364,480
69963253,395
77622079,152
34891475,404
89837953,26
94124224,239
97558023,39
82132118,23
92450600,140
51012937,292
45103162,472
99801190,180
01984048,204
67356965,297
49865651,465
16825825,242
25661157,294
47678704,134
40848710,384
28105789,68
09596540,111
27011909,468
06362531,195
62287209,408
45258760,471
45747580,61
10749582,144
59907874,94
63828282,248
35459816,85
08668837,397
22133749,11
13340866,169
19027116,490
14547094,36
63252583,316
84583953,219
24283769,150
45768797,479
96976775,453
83733491,110
21219115,450
70330666,460
86677298,307
16469443,288
30575803,274
88648794,425
31037388,229
02854099,282
49795857,352
73016554,131
74895393,170
11241395,156
09615299,468
63191188,82
93319197,290
54166648,287
40571498,151
40964815,137
14179776,308
44572939,55
02282181,463
63138036,219
09411414,131
91993997,116
16473703,25
66104982,3
71584814,301
57774240,368
01984048,146
84574563,190
84430710,347
79753893,30
99815791,78
10234200,160
24077610,445
83926540,321
45286852,252
88949830,156
51699999,246
26433490,218
56520078,372
46649808,319
17520000,232
50130377,295
20576929,489
58369809,168
13598859,168
27702939,38
63105187,217
39733586,336
46386912,471
88314445,274
18309134,50
45123707,311
30978287,56
05873597,420
79325691,455
16984388,306
84191820,278
25011611,270
40917661,440
61776966,308
63003312,340
99625488,58
12193527,101
89837953,424
63105187,404
92494846,0
31310656,482
07166339,102
20668460,44
09344255,170
30411600,113
38743418,243
71416346,431
10484047,11
70723640,304
87045354,331
20862157,369
97008184,406
36117567,135
68930350,43
10535329,382
99796666,197
89381170,58
02330842,106
68877059,174
74010257,158
68220489,105
16555318,31
43838680,415
27982985,259
07801216,213
59983392,67
98673887,183
49795857,54
92168139,305
79256957,62
10816216,345
95611151,255
35459816,412
34938247,62
23988343,341
02948142,78
52796969,122
21922005,335
75461508,356
83788249,460
82238795,241
79741250,5
59433161,2
19703824,448
79403989,360
53471432,198
78086030,474
88717025,165
17203569,18
24391145,29
87213146,448
67204637,158
05734125,421
57489896,460
63191188,293
41301016,200
53471432,449
96976775,163
18642285,468
08668837,462
94773657,178
38900787,238
51254607,317
81670508,243
12932220,482
22249516,194
32620696,231
38407589,354
12775587,199
28135992,135
62287209,439
62569914,82
76191939,244
11538237,43
31428879,413
68728912,244
82735086,369
29554258,96
27587259,89
89837953,21
36164723,463
53828490,355
86716676,421
88841272,403
92246958,79
36469170,168
81419415,77
40794205,259
61354852,348
12508115,237
16238803,12
77011129,205
70361142,316
25147279,420
89497272,344
26883639,330
47433306,362
45569648,206
56697082,450
05944713,107
37352420,352
50190793,400
70267033,377
21860046,455
54518310,167
84376754,340
37642177,174
49394938,265
82058688,199
70399056,249
18309134,480
06398693,203
47836619,320
18088080,477
82020498,74
07657047,151
22049612,211
45554478,208
01203974,416
43306609,18
50781999,207
84418494,466
77184234,108
66700397,225
00844758,270
40631657,54
32007233,109
72973378,444
51699999,222
84409798,403
95184809,209
12932220,75
01299844,310
24894739,212
31882054,150
51483434,161
80982032,293
15773772,92
62678173,212
54388908,60
44453373,495
81380533,84
67410095,224
30275981,237
77282980,153
51396913,96
84360011,46
01556430,486
84366383,307
70892464,435
26656421,133
25270181,167
03545883,77
13795498,328
78014605,428
31236376,123
43263951,356
74747861,83
08728529,439
19017759,231
23122942,312
99092237,158
14806438,499
81212740,68
21145533,46
42608213,467
02020685,452
83479230,459
34528747,246
18358103,170
58458158,28
07050562,154
10234200,352
02290271,169
56606028,410
91732149,87
26028891,80
10014701,434
08906140,93
74010257,89
05002258,357
13592007,172
94143101,395
72029690,191
70466666,270
18891896,21
08829341,7
92501347,387
06972337,265
67440533,3
93390725,161
11990771,251
47433306,188
39247402,172
49262922,391
17490560,274
14028950,21
69273299,410
03398570,281
41716961,411
77470240,168
03595860,54
69084672,311
40873807,239
09036163,202
96808936,457
88287173,38
35148382,308
00395822,245
87117146,360
63479037,445
99158583,236
24990863,136
00150189,88
11966613,305
56531188,321
26935178,135
93253429,0
91300823,169
50475201,227
77236405,335
84939632,439
42898625,244
72305017,451
11377306,432
60189846,329
32621002,2
59143197,49
88648794,417
65285525,56
73413093,488
22949950,47
44604478,105
71838268,273
02847056,139
69942959,350
70257658,389
69582888,51
70188214,242
46649808,475
88750552,19
02359609,404
88750552,223
73780708,12
99050048,294
39247402,66
05426384,150
99261490,109
75917805,12
81255372,382
77184234,88
84850182,330
05194604,374
88136006,463
60874082,89
38138498,143
44604478,96
84360011,481
45420340,57
38016123,163
37167769,267
69273299,486
18255843,342
85704813,25
49320381,330
85103937,62
38640014,139
87526578,100
52171427,479
43893772,334
81588424,206
49865651,176
94310843,229
74681306,325
24041229,207
66868436,137
71255667,69
53131371,96
84227981,71
95615181,470
55694304,28
36469170,376
24236002,277
08438595,385
68530100,243
74044915,324
52590524,401
22238882,456
69582888,214
28780534,268
70735427,474
63138036,100
83017373,233
79053749,307
11545120,169
33734637,410
55610852,14
82015960,68
97945176,114
77487323,252
38162186,378
94143101,11
11048615,133
52641173,114
44789948,454
77039495,120
26748767,344
67244167,324
57728198,120
33744899,86
99546775,113
26055522,338
13441068,134
36218023,475
32992614,65
43715511,310
40794205,155
05455510,74
00138855,493
86614934,487
92180642,275
09565597,80
15792863,32
44076107,197
87117146,240
19679873,294
23897196,132
01705651,185
05714772,392
76166461,71
10132182,387
28436012,400
00844758,407
58556528,35
32900510,367
70257658,404
57728198,335
54492891,261
35473025,240
80557872,372
11288297,447
18309134,187
35960692,152
63138036,402
26731668,385
44276165,353
42257850,207
90277004,19
34012581,431
72488900,71
15680126,430
16686042,292
75079719,459
64871176,484
77487323,69
42833005,180
46731155,228
22128604,299
00010992,92
62122861,128
47211316,28
21684534,101
68776944,86
48714624,54
61069520,380
03243820,20
51238770,452
52052242,427
96482754,70
77192342,110
99897217,324
07957572,359
96035961,362
51934133,136
08255038,65
24515128,431
26086715,245
36520701,32
07601993,358
71844117,201
56520078,415
27148510,252
84376754,237
05422307,130
56479035,294
87899172,151
09997729,236
89827692,375
94773657,374
29936376,405
58087770,276
14245865,236
67376085,425
45569648,57
20762089,411
04934353,225
30411600,183
63191188,398
62214690,8
10970886,81
77184234,121
77487323,126
98080330,95
95368465,160
00150189,365
14668343,112
84229736,105
50039765,368
91967987,321
99042823,166
70905565,36
95138961,410
67203152,221
06410226,492
20684147,189
81672304,89
66020458,158
00466893,224
99672676,420
19929625,427
28526302,153
16884674,132
33529644,240
86716676,493
30377585,277
44250593,145
37150861,256
84850182,237
45764383,68
40828441,263
61955972,155
05493921,271
03699017,123
93319197,418
38466356,231
17769234,182
14926004,237
52216209,199
22133749,166
93390725,242
35853762,56
43232375,461
63003312,146
51396913,346
89378025,427
27072115,323
18255843,166
33744899,247
19087061,442
46649808,333
15585230,215
07466708,262
62876933,33
09085811,133
21656021,154
26595366,495
03593202,114
65985460,227
20401933,154
66654037,475
61135034,34
60239501,16
96482754,246
00138855,490
82099446,281
22783791,214
39240771,43
46407299,301
51097349,290
08246606,276
45472381,162
79741250,7
00131748,227
28840018,38
65736367,159
47191012,166
39910952,16
62536342,394
61799732,298
15600353,155
03428339,59
84191820,280
31330434,198
86669950,179
42572224,221
01008011,285
06878846,78
08732039,160
37899965,82
87650508,390
43321662,416
29432479,287
76805696,91
87650508,399
92787874,269
66453850,172
00469115,275
02604566,283
46826101,239
38026221,167
01906217,121
07607714,195
85977618,449
75922729,60
74044915,258
00024291,125
70721704,358
50564380,311
81021702,297
03368559,42
67388843,116
68930350,246
97206610,372
10340822,217
49900854,47
73016554,423
47831874,189
89660456,71
88484228,178
24502381,373
42487107,285
74764240,315
61630862,262
77545533,297
00593191,40
67623862,477
58262786,407
17658440,400
82728446,457
38407589,242
17503290,206
99063377,25
89771537,487
78781150,237
17499639,432
17593165,455
58265048,461
07716364,66
29850112,101
66320996,135
88374123,55
88756444,150
00087997,188
28185244,445
17520000,167
00367267,355
58309797,204
22133749,472
85843677,181
41808535,210
91172355,172
23897196,184
28706019,287
27465475,356
44495343,465
93664258,234
93013408,456
99546775,335
35807385,434
48489502,346
28700876,320
42941967,179
18891896,434
44453373,421
94143101,361
77378436,81
49285483,296
98073880,18
45072525,219
33303714,176
41292459,70
14347332,58
78610334,294
35930751,226
56520078,26
63577974,33
02766213,274
49976364,76
63966040,364
28527965,176
08170906,128
45865680,462
70567182,227
31037388,211
14827154,58
92450600,131
42314686,1
89258544,358
22614995,435
54884012,227
77291262,158
29432479,12
21302887,473
81386612,345
48089506,437
74867538,266
64922954,482
77453692,193
40828441,60
79177654,156
75926104,348
05096542,451
13592007,329
37332122,349
46896423,395
82132118,281
41004208,190
59532676,189
22457759,86
73734605,205
30591340,259
69056098,293
55315395,404
58736162,303
62567370,96
45752928,287
22814401,451
96773065,146
99546775,49
12347065,248
05944713,73
62105674,201
07166339,175
85861458,130
20784611,129
91300823,138
22249516,11
11684658,334
44595836,122
64788484,83
13708827,301
71019326,15
98384513,462
09997729,384
85563744,9
44572939,307
59173892,14
50261832,49
88638046,102
31882054,155
24389065,219
32882668,472
61563134,429
41716961,497
66654037,148
65628101,122
94438071,304
93629089,54
29936376,2
95514719,129
67824364,275
22981209,446
74764240,148
13614611,183
25045858,28
86742076,482
75690482,484
37357393,478
70773207,316
82013563,316
40917661,408
59732819,267
97700152,279
09368497,330
54120691,464
34588974,146
76063922,247
35615497,233
58546062,88
90453035,498
63650920,255
26140185,216
52575741,490
79775279,4
11241395,373
33362947,271
96557746,463
58737181,198
83479230,416
50770140,376
97870613,340
21302887,472
12147407,467
44404363,187
00898726,474
25006401,24
60455587,369
60365120,172
18343912,286
75593079,166
33744899,201
43232375,145
23606269,32
45259994,258
90980322,77
74867538,328
95148825,361
60995144,209
37642177,211
00898726,384
83926540,434
48410179,267
00257059,0
67536904,15
46555260,468
62678173,149
63252583,323
52949535,333
64436043,343
12932220,303
91993997,430
50238762,189
92516234,488
64871176,120
78756131,148
76267474,237
65048080,116
01787940,90
27915788,443
89420726,106
38138498,139
45005088,80
34702383,255
18665903,169
45193116,209
59143197,222
96482754,160
89396505,431
22049612,14
56663361,200
33744899,260
73413093,449
68930350,293
13462570,345
08260353,497
29239759,0
75864159,412
36469170,451
68776944,198
15551426,321
10535329,149
34404243,398
49873083,158
69097123,310
79403989,86
63003312,391
01334137,151
94974924,427
47038354,84
66654037,32
14963861,429
47191012,70
14245865,317
62443171,64
69298759,199
33323896,274
41167074,132
65287597,158
11048615,206
87045354,167
98068544,182
33303714,343
67794100,251
20784611,481
65736367,395
09220675,269
93949944,250
59412237,369
62350082,417
88136006,434
85977618,170
65628101,465
33363293,232
00257059,445
40332189,295
84850182,83
88299353,375
91038905,14
52641173,49
45123707,166
34528747,212
47129738,473
06398693,479
26759253,381
81504856,276
93253429,13
16153110,23
19404352,101
78023924,453
95231524,399
16634048,362
10234200,429
86087430,113
37892396,217
64942909,290
09411414,162
52472249,23
27011909,317
49496241,478
03774083,250
62105674,14
90702974,404
41510190,445
23079488,349
40571498,255
11293956,498
39267796,435
04761409,208
24602302,222
43683175,414
05332004,12
67740080,219
44265361,64
90792617,389
15950007,86
05679326,0
57150286,107
19027116,194
78474571,114
35450855,303
49865651,144
19327031,339
57809598,433
90189670,479
16469443,176
50261832,372
43715511,173
64073898,76
82593426,331
67794100,131
32719307,310
21662815,74
39910193,240
85704813,174
61630862,164
05714772,279
87899172,484
94416230,91
21443461,370
44216405,425
39548279,167
14029605,440
95623094,93
48720616,430
37357393,186
84229736,399
68776944,397
29239759,470
70243059,94
37679443,47
96556639,122
03774083,270
84630526,297
86001569,376
64912016,283
01984048,419
60365120,303
08776860,494
45865680,79
11293956,26
14179776,190
65202046,466
78397852,250
24477288,428
70773207,433
95937562,454
28189475,5
61354852,366
35899602,437
73834670,175
99801190,395
41154331,226
23988343,305
17769234,300
69942959,497
28526302,354
09875297,103
98080330,478
70735427,109
77622079,198
71252084,85
26140185,302
80159125,81
31018782,98
51699999,410
81238877,295
18811652,219
86397196,208
82560291,94
35818201,112
39401512,334
12872258,483
47129738,140
50768221,143
72305017,220
65109264,348
17247363,345
57489896,101
09085811,170
64922954,149
08246606,472
08932643,89
11061388,465
18379388,271
07816021,306
90105979,4
90980322,54
52575741,282
50751598,301
38579577,0
33323896,118
58736162,180
44457703,498
13670037,94
81261746,332
67623862,100
64080234,39
61281367,199
01043051,339
28185244,269
67724863,57
55817290,343
63692996,112
19899232,10
55407881,403
02359609,288
07721315,358
85977618,41
68902179,453
47411500,228
08668837,231
33363293,293
28135992,222
54875051,480
60709537,166
88314445,411
82286542,374
03180554,391
72298780,232
26068234,104
03425863,264
45679405,212
28903704,416
57341089,35
08255038,242
53610211,6
83194189,444
57062794,448
96773065,495
39767222,432
44495343,381
46312101,89
70567182,450
22696017,446
72298780,234
39570070,373
01792134,499
52171427,326
97330974,191
27519690,137
90608689,125
67074859,259
14547094,295
43553952,440
68421255,340
35450855,304
48799630,420
41668679,181
71562984,77
94060120,256
19463982,381
58309797,163
57455370,418
17499639,148
37569487,202
42608213,395
79347028,280
03869991,454
20651274,66
70735427,70
74598045,471
37255178,331
24895645,471
04761409,113
03428339,491
63424167,212
17203569,202
67376085,457
19898300,68
61522163,230
60464181,390
26676952,303
23375623,484
00087997,450
10365852,3
00844758,160
77056122,246
10114625,217
79480532,356
33323896,470
14965789,51
87039078,73
82424128,114
28333925,374
95270431,488
60189846,157
38026221,82
15675945,253
99917824,69
87036147,321
54388908,76
62987215,103
46169239,326
49873083,96
03368559,151
63966787,382
66109135,101
96808936,456
65883338,338
29848939,249
15551426,287
43347189,408
39733586,219
66320996,492
21212047,70
67570438,418
18811652,296
51957114,173
85103937,194
04090599,156
24845670,188
13795498,401
01556430,346
76001124,356
08322977,40
96506356,214
22949950,217
67824364,252
26656421,489
39980330,281
63577974,411
77545533,409
56313091,73
92489368,33
56406753,205
07785526,465
83733491,228
39267796,35
68307941,76
32385783,463
19405653,201
18088080,499
60286534,5
04090599,59
00593191,200
05348484,257
46926023,392
45906729,170
56869771,101
75690482,84
89277350,245
99732855,52
88952111,268
25021665,252
63546249,330
47583582,164
97005927,98
39706039,302
08036113,119
70723640,301
99625488,54
54900513,283
66122865,428
10208802,115
63105187,361
21219115,40
51976994,453
23894557,431
09438532,179
70466666,418
89668636,252
74895393,394
61589518,450
42455699,157
65811970,114
09418515,389
61998683,220
86064896,318
76100108,329
82102224,234
12797470,336
08344760,148
80529037,71
19507767,364
33362947,116
37914571,465
24664420,69
09418515,422
55016795,259
48089506,441
49873083,389
76977509,393
35034532,206
16555318,313
12827464,348
90279165,78
32992614,27
96703127,327
98428452,159
56917401,201
87779332,29
86408047,347
88555425,229
65661426,323
57962149,200
71507782,66
40182917,447
77547734,254
86918283,375
28189475,393
78198906,467
04090599,113
62690806,51
38993055,445
59024385,335
33606031,337
47744332,17
88703686,167
44595836,305
38902106,87
26577371,255
00010992,150
93388092,466
97907709,59
75142077,323
03659322,269
82424128,425
24236002,489
46825391,174
97330974,38
32992614,137
53554286,78
16469443,411
47618898,252
54518310,236
44495343,277
25270181,198
96186851,397
67203152,183
41798576,209
95186321,261
35257679,1
26695014,213
62388283,366
47587015,129
47831874,101
13513899,483
20651274,272
73413093,277
42082287,314
86087430,69
68652714,208
62447956,370
45643750,283
25021665,265
54190095,412
12368149,323
21922005,269
09792453,108
71844117,277
43670500,244
56178081,208
48528641,58
84975074,326
59984511,210
68178420,52
83926540,436
71584814,250
77378436,69
29554258,64
24236002,229
82132118,65
84975074,446
37621689,442
35936485,175
26433490,144
29987726,449
76670293,203
19405653,38
34021172,46
76191939,375
67456996,83
48528641,210
45099811,174
95632544,70
83194189,318
07816021,419
57878254,204
28185244,422
67890502,272
73613389,69
99175452,221
55555358,325
49048193,82
80557872,306
76805696,315
78672238,79
65287597,197
99175452,83
44076107,273
62729270,314
29701514,305
29713680,327
65627361,303
88314445,360
72973378,51
43434292,196
34030318,152
73387205,400
14547094,237
93388092,68
24990863,92
66320996,303
49627394,141
08879276,365
96506356,244
68220489,358
30575803,265
10114625,262
12853692,139
43838680,496
78357912,256
10816216,166
90300686,66
24612073,347
48417566,477
34250518,59
51396913,415
06972337,63
38162186,453
59090400,175
29332176,460
36899719,450
59732819,423
37477720,294
99897217,39
92582380,456
89465579,335
70682599,55
74034874,393
41668679,408
32385783,170
85900346,292
88287173,182
26068234,346
48089506,488
84882652,388
25045858,259
13583475,26
05668312,403
84634270,97
52366831,315
21145533,89
14806438,28
77064670,256
83012432,251
67074859,144
66720250,337
57575627,359
43375809,348
93871208,359
35615497,431
52226941,137
66139343,438
44902509,225
95828576,188
07556010,487
35633738,81
89378025,6
07997956,424
53137682,383
57433292,132
95349654,450
98384513,167
83579614,340
41716961,71
11911293,205
45175404,299
40023145,44
85103937,358
83627349,282
20109113,297
26487420,49
06972337,197
68776944,487
65285525,375
66087300,1
38258231,101
01686983,328
43142857,317
62388283,137
05107195,72
87368061,242
80960192,36
71059142,460
10749582,260
48642846,292
53165052,363
54738448,435
10362686,454
41043722,237
26140185,497
45870762,188
95623094,394
59678052,72
77453692,388
38026221,303
31250907,403
00257059,183
99039376,36
69239916,186
65883338,89
93002457,206
73290475,376
36151552,68
75690482,416
19899232,159
63577974,397
90608689,217
13795498,67
16383440,59
35939437,350
27836704,268
48410179,112
68760211,396
68183189,299
54166648,296
11911293,265
73290475,45
41808535,496
79793312,324
87814023,272
51433765,30
16473703,35
14979194,164
98852799,388
90073913,410
26987892,438
00087997,195
45103162,335
73171631,50
98153661,378
03659322,227
60752139,53
76008305,137
54884012,239
09997729,313
83017373,148
10044185,32
61589518,295
47744332,138
61589518,272
24888199,126
94994465,79
90268275,112
56663361,118
96728708,401
80982032,212
82728446,492
47211316,253
87881400,166
63650920,294
68521741,207
79325691,28
87446521,478
59296307,140
03399841,359
03180554,16
84882652,326
54086768,12
49497710,362
80514772,304
71387555,478
81915698,96
28700876,486
38900787,451
34842197,46
55619335,188
63546249,392
41668679,345
81572165,392
72058547,190
19620699,249
46974482,441
48489502,6
35450855,365
93664258,435
16569450,336
77470240,241
55016795,236
26750225,486
15157212,84
44276165,137
01150993,137
56853956,193
14757485,103
58458158,171
29953791,40
93334074,352
82433879,199
62890068,287
71513202,79
21873064,437
12301285,341
34363820,52
24719704,110
52575741,469
02532211,422
54738448,171
24135925,340
45752928,246
18088080,301
44902509,237
91239149,42
10669508,175
13304796,300
69770251,10
47514976,390
05660025,499
52400822,331
43929199,12
16238803,294
25515723,488
14863315,293
23897196,481
17203569,227
29702914,429
86023878,349
77139415,73
34635675,108
85824869,486
84229736,268
61563134,140
09038376,148
91038905,93
42257850,395
00567225,273
52362586,439
99042823,259
27465475,476
46702564,218
63252583,319
51433765,435
90189670,166
22695467,413
05713105,461
25006401,35
08829341,99
34021172,239
63650920,371
23828195,431
45397669,290
11148987,308
91940458,169
13340866,314
93013408,159
36117567,200
36430024,383
84366383,0
16686042,496
28284144,177
29746184,16
37722269,39
58557591,444
56851391,67
11646425,463
55619335,433
10749582,55
00367267,334
86064896,13
22730224,222
35987740,236
20113683,356
88287173,410
53736090,22
18458860,473
57455370,216
33204596,115
39980330,308
00501794,385
74087351,226
94773657,79
75958655,453
66720250,106
09565597,211
74681306,140
42941967,144
64036641,61
79177654,497
05113433,60
54580104,230
54900513,70
60910338,226
67740080,405
65287597,301
08829341,115
50234075,343
45123707,391
37661404,180
77139415,436
05379171,117
03952742,30
95632544,306
26307613,466
00024291,414
14806438,26
10661805,412
96717734,294
41716961,485
74681306,25
77282980,194
47433306,166
53471432,186
27148510,185
07793164,407
98071258,111
73290475,51
31428879,489
05340151,84
28185244,12
24719704,186
96703127,495
66320996,486
82099446,88
60808069,45
88148207,110
80982032,458
13340866,128
06446136,37
19017759,364
79921857,287
00542052,320
33266813,468
10747487,195
14547094,469
26307613,50
94200548,449
75025819,105
53828490,391
18278322,259
35450855,12
05453443,27
44437052,201
49627394,467
10044185,320
73350208,35
16069807,158
25721215,298
89462514,17
02020685,178
66654037,257
45841012,494
65665091,330
35450855,142
95615181,146
55407881,157
76001124,326
08829341,332
34930378,43
99796666,118
64912016,335
04090599,176
40019899,360
06835596,472
07556010,172
19087944,217
45233362,436
23828195,489
32719307,163
98384513,340
37661404,237
16348055,23
21271785,34
28527965,295
59311039,360
66104982,293
82040495,418
69690370,41
06458581,148
08728529,360
36174132,221
08732039,102
62729270,493
90189670,275
44453373,75
43232375,22
44082649,465
38016123,79
14245865,253
15591082,428
82199065,139
52436640,309
28964631,395
78474571,40
58556528,68
13795498,216
22611940,182
74919969,298
01545676,262
75115143,35
73264925,41
41798576,353
29432479,455
49976364,357
96717734,11
91187752,174
20266724,64
49747607,412
08260353,37
17442441,207
29364678,408
89957529,99
78672238,93
49577633,469
31428879,324
23857298,396
66904075,266
56520078,76
42671406,386
08776860,134
17733332,423
94997014,251
62443171,495
93013408,151
51483434,171
56178081,342
68521741,281
45072525,170
77056122,192
37005118,434
30539947,349
07997956,437
03661297,284
38579577,41
08829341,299
82199065,271
66741719,187
30896199,414
24837623,38
85843677,418
65985460,275
26245105,141
51238770,55
16473703,134
45755957,156
37420465,467
22049612,103
79325691,472
03661297,270
10114625,261
47583582,40
88721677,143
98103883,406
02409409,261
15157212,326
66904075,358
24990863,293
10281160,9
06878846,163
41763242,299
11293956,64
25536550,176
37868732,22
87045354,258
11288297,162
34012581,213
04059433,403
18267428,134
85038235,470
16825825,458
71564640,280
56520078,398
05002258,168
90138174,125
31479266,404
07721315,3
75922729,42
62890068,340
46397518,180
30150963,61
25721215,470
27815519,250
14963861,187
98494341,387
89462514,132
03399841,455
84521286,14
49873083,337
37286685,113
60467155,366
43347189,238
93936688,190
82424128,252
37569487,401
14926004,332
13599241,480
60189846,292
17922713,380
68652714,466
23553257,490
84409798,465
25592886,363
57841275,2
01966338,14
00098650,367
36652568,337
74919969,305
35685658,442
06362531,409
69056098,195
62987215,157
50802081,248
92450600,257
94304561,282
12932220,396
19907784,174
96557746,69
29364678,45
24760922,295
03243820,391
00261860,144
65628101,120
35034532,256
99922325,212
57669104,258
18873841,112
56251150,286
08932643,70
45397669,489
40023145,470
88937946,328
94200548,302
33323896,387
89351303,320
46726764,260
52400822,196
51433765,293
26331330,58
51957114,84
05107195,419
01008011,381
40813795,462
55694304,244
22614995,62
67528924,236
29746184,174
29780377,30
57774240,313
37017012,324
96620414,303
24990863,50
23770123,341
05713105,168
06928479,244
83579614,374
51254607,447
98103883,399
44027492,275
51287074,294
30077217,80
21412466,222
27153708,447
29039141,83
49320381,373
75700310,98
86064896,344
30575803,28
43904707,195
45554478,288
03243820,301
95231524,456
49577633,270
46909087,9
72859620,351
45569648,234
97775194,186
23897196,38
68776944,413
49483834,97
83017373,232
28189475,315
49394938,48
70905565,465
27915788,392
97907709,36
25021665,268
31164863,293
01984048,51
82286542,83
51959925,106
70243059,38
77039495,127
45286852,277
09870715,401
01391734,179
56097620,422
53109860,62
43453620,190
06410226,67
41617431,485
03774083,275
47889549,299
74895393,144
56178081,223
25619995,457
79756404,250
29197682,325
03398570,275
96220449,121
25575569,180
21929835,13
11482501,148
31433072,426
62969942,307
83205940,273
04761409,300
55405667,250
54384281,321
99527822,153
01929886,327
34363820,77
21412466,309
82020498,10
59353477,208
44265361,464
84430710,284
12869609,343
01686983,257
90705920,475
85038235,318
92203805,61
62567370,148
95368465,421
25270181,58
26086715,217
50705163,389
18458860,314
09220675,400
92180642,487
34378198,308
35818201,201
07267966,134
18683058,377
22156649,18
03447971,12
96162738,452
07466708,159
35930751,384
02287240,274
26695014,359
60709537,180
52641173,490
66093999,152
59143197,23
35336606,203
93388092,295
70569135,276
38407589,300
47988593,25
21922005,209
71416346,359
55570756,462
04090599,465
26140185,450
74852167,141
64139989,287
76488225,411
32763776,169
19419356,371
88622851,54
79753893,376
65048080,330
32719307,131
90189670,9
83788249,5
23673632,397
76670293,83
04761409,234
14714416,58
41154331,492
50581913,347
17499639,373
43838680,408
45099811,25
15600353,87
51741235,206
97590370,133
82728446,319
42608213,371
45764383,477
92127929,250
14714416,93
60716877,86
87045354,85
34363820,365
81983361,196
10114625,208
13127707,26
74034874,464
70081673,248
92494846,186
59452877,218
73932580,194
84066781,289
24283769,421
32900510,147
76063922,493
35930751,208
04211486,272
86669950,76
29953791,223
45569648,53
10014701,342
98494341,252
57117370,186
84939632,61
17554932,10
45397669,45
16634048,372
75719348,474
56531188,452
16518965,316
86397196,66
00567225,230
79775279,169
44918311,180
22614995,431
28630143,380
57728198,369
55179864,283
28135992,188
08434482,428
56531188,327
66025267,254
45764383,159
40332189,344
15694363,54
88841272,262
15950007,36
94124224,163
20418670,150
49985751,154
48942671,280
71932087,206
72305017,18
16263387,205
85446736,37
59668283,404
16524416,311
42168832,63
95937562,91
82511809,286
25647787,419
05340151,118
38255287,392
98428452,217
99175452,328
56697082,476
97558023,257
56917401,110
24634488,376
37477720,333
73384212,5
71564640,130
53828490,99
65515283,138
76488225,453
36899719,189
27321717,177
50188662,384
75142077,293
84227981,465
58458158,324
87998631,82
72316439,328
48642846,60
78610334,64
78129792,323
17223218,334
74681306,385
18744669,499
68134294,329
55570756,153
65883338,30
24283769,177
05453443,252
83815780,220
39024320,444
33969993,363
78474571,330
96557746,275
14029605,100
43000773,136
42168832,409
32734103,229
34405038,108
85900346,23
67440533,33
48417566,307
41113085,358
79593555,182
28903704,307
68156665,32
86742076,150
59744808,334
93713122,291
57836780,75
35034532,449
76031569,19
40571498,385
72029690,6
43918698,328
70466666,431
28882882,57
11684658,277
34094310,76
88949830,378
89420726,417
47889549,339
35254291,158
85185581,252
26987892,282
98112026,397
79334834,242
68877059,295
27821308,16
25021665,122
33496853,34
68728912,58
00138855,496
77660835,358
91239149,499
57774240,160
83128459,352
70466666,189
58458158,24
65109264,164
86716676,473
33741692,242
30575803,329
50430752,343
25030921,190
34378085,393
07466708,75
51879447,167
33969993,140
09038376,348
90189670,319
09489940,112
81731207,359
56385603,33
26331330,95
24077610,393
24041229,462
03659322,135
25286028,377
95895010,340
05194604,148
88314445,496
07785807,38
19405653,499
79756404,246
24837623,373
73315160,355
51396913,236
48826530,287
29701514,449
77379170,171
03741377,302
08344760,182
24760922,277
05614013,121
01686983,332
06049098,55
77588645,197
43904707,196
91389070,475
07891838,43
01547848,7
09036163,187
00774984,316
67477911,217
62388283,61
53988952,311
04090599,373
11911293,5
25721215,258
02981684,472
18358103,248
80349217,270
94472844,473
04101979,493
62388283,409
94416230,149
68218040,138
92494846,364
11148987,163
92668156,423
29701514,321
20418670,439
24515128,80
00406945,197
34030318,423
09489940,428
63577974,49
51012937,468
57711311,18
11482501,174
18343912,201
93949944,196
78054050,12
74919969,497
47889549,142
40332189,103
16258636,7
67014312,11
50022315,340
53131371,278
05843216,82
32719307,287
51254607,109
06790567,357
50039765,421
60286534,207
47523565,314
31310656,164
89178021,99
68230537,436
86087430,475
03180554,450
08344760,382
30377585,398
25592886,405
70330666,71
08668837,463
21061379,152
96162738,160
88796224,56
49602133,195
89000870,22
24845670,187
82978630,377
05493921,198
69097123,194
28402784,256
75694991,215
05426384,286
93949944,3
88622851,446
83446227,236
81381741,106
23139321,434
84392014,461
61835509,37
18379388,105
02372980,222
30520040,99
71932087,432
61630862,412
43142857,26
11990771,122
14405843,10
49855100,354
88430489,303
16984388,291
13614611,414
27827554,279
35818201,368
25147279,190
92582380,453
03595860,318
74867538,440
48958152,274
35257679,418
45752928,202
67440533,58
45755957,185
68307941,436
34588974,138
34363820,44
65811970,131
53131371,179
56606028,10
10281160,207
05422307,158
29780377,495
78397852,187
10171047,245
31310656,12
96808936,351
58198477,459
14806438,391
60716877,182
59452877,239
52472249,420
18458860,101
44457703,445
11462390,314
97870613,33
78474571,7
16069807,34
37495070,19
37332122,143
23904088,35
41321630,131
90073913,370
19842652,148
89351303,438
52975557,442
34191202,354
16383440,313
16884674,265
80529037,89
40019899,66
50751598,454
24041229,17
96980741,280
29364678,210
41059179,4
09615299,79
70361142,485
69963253,77
01203974,415
41510190,168
38579577,192
31428879,71
96449849,478
91940458,468
41301016,269
46974482,393
45768797,311
76063922,63
49220256,298
65628101,15
25025898,224
13412349,437
87526578,248
31310656,46
42214697,381
50676739,373
02409409,89
91940458,283
72058547,485
21412466,339
99042823,489
25575569,329
48799630,495
58458158,245
78514073,223
75461508,448
46574534,59
66700397,360
75079719,104
41113085,322
43680632,473
33495735,263
44604478,344
52216209,481
08728529,2
77056122,436
67477911,405
19844044,145
73456844,362
85900346,45
87076790,354
34702383,384
10661805,231
20784611,424
30520040,3
99633796,24
67824364,146
75694991,390
87368061,187
50261832,320
47587015,44
81731207,385
16337858,373
18009033,53
18665903,272
71562984,25
57106024,444
74919969,244
51433765,358
51515180,214
71844117,268
90268275,41
10014701,378
00150189,257
46896423,155
63105187,459
87881400,185
28105789,352
40828441,227
45626116,350
98071258,207
21145533,330
12008619,490
10281160,30
10661805,96
42877661,266
26883639,39
94416230,482
28882882,91
19853469,187
59024385,168
99796978,149
02847056,342
99050048,264
70767199,110
13873075,273
39706039,342
09438532,321
46702564,382
59023863,237
21145533,152
81748582,46
56405038,162
95615181,460
63252583,120
33744899,351
93002363,145
99798432,494
20851534,205
81504856,261
22457759,225
36791161,133
92494846,342
58262786,456
44902509,361
71416346,407
88750552,48
61477707,204
25339198,186
05340151,464
86023878,164
33266813,448
68521741,20
78553783,2
07997956,201
62065425,393
43670500,2
61853962,49
41510190,184
68386094,272
75922729,50
14579984,411
80514772,337
89526370,161
24327160,132
60450646,182
76193166,496
25168443,311
91172355,73
76149069,94
90980322,280
75958655,404
00469115,365
15773772,182
11462390,163
24837623,298
77487323,338
13812727,368
63603157,177
46352382,51
97177337,358
71830434,310
68776944,364
24502381,223
51433765,138
38226316,415
54564789,156
84939632,405
65068585,476
56365671,274
47523565,395
28840018,409
76488225,282
87688684,261
43232375,158
07785807,120
45569648,397
05426384,222
64227979,256
68367692,254
51433765,114
07793164,166
52625795,340
80025081,347
68776944,11
38782769,12
47038354,46
08668837,344
76166461,50
24760922,491
13574637,121
47600883,76
14792639,98
02356581,336
02981684,96
45233362,102
39910193,260
07466708,37
29570082,43
49320381,473
63479037,358
12075607,165
28766489,259
81672304,288
45099811,466
65202046,222
75305951,95
44902509,310
58587192,302
45666020,400
11911293,236
33323896,313
38219725,122
12775587,301
97812864,88
99801190,73
71844117,112
68421255,203
09038376,452
18088080,238
38026221,123
30167871,210
09418515,463
16686042,263
51238770,18
94728225,16
41043722,18
73290475,103
35547696,32
20113683,307
36546671,30
48609099,67
51957114,322
30981457,219
62447956,465
24001925,397
03021744,269
97177337,10
55318795,479
20350142,498
01867370,142
15694363,251
16263387,48
94950184,301
92386654,462
59984511,53
78198906,192
62443171,488
77545533,94
89420726,141
35257679,16
89619987,352
79403989,497
07505045,370
23988343,340
16238803,473
31777682,87
69250410,143
84859730,283
41059179,68
01686983,405
27072224,91
63492451,445
24845670,464
27915788,342
62946090,302
31994428,496
70487297,347
79237135,369
04059433,322
69239916,291
06835596,192
17520000,225
59134521,218
67536904,131
53995605,458
68220489,111
47559955,486
14579984,184
49538535,447
91292807,408
08170906,236
58799190,404
67724863,251
56520078,154
77551292,186
16592309,221
11061388,27
26656421,417
95675257,159
95349654,235
89462514,437
31236376,371
13441068,254
04818869,78
00406945,434
22611940,451
43263951,95
63003312,106
14405843,184
41668679,272
31840732,57
57099356,101
53952871,496
23904088,34
58265048,419
27606376,476
66025267,320
46974482,484
90268275,107
98355606,276
94909994,253
27827554,63
52186192,286
05453443,399
26676952,282
01334137,193
41004208,368
41687357,481
59532676,164
98112026,371
00610666,489
40964815,293
03628433,399
56192678,385
71416346,396
61892250,399
13574637,93
59316761,349
85038235,485
09565597,54
30520040,271
33432531,163
34624651,393
53471432,208
61821110,12
59544806,493
55610852,132
12301285,311
69197231,268
51238770,390
13795498,414
08825794,165
37892396,104
42501681,90
74764240,115
24133781,413
34378085,95
00593191,82
60874082,73
86042368,398
98978315,75
43263951,438
40631657,30
95654648,90
63650920,2
79334834,314
95186321,474
35148382,275
76805821,345
94060120,372
88648794,214
81672304,403
41113085,213
67314036,2
71019326,128
46702564,75
30789267,496
43670500,262
84521286,320
64139989,28
53165052,37
09997729,91
87526578,25
37495070,442
78781150,84
67971333,387
42063142,303
37005118,313
99815791,127
08438595,7
47738806,272
21873064,459
23894557,300
67376085,498
26487420,427
72166788,295
41301016,72
40897176,328
89465579,104
50261832,171
51168962,288
62729270,192
31428879,200
06049098,459
58945467,376
06383144,84
68367692,253
45643750,268
16569450,469
85038235,378
40794205,496
43893772,65
54492891,17
98355606,219
59305716,408
36218023,451
81255372,450
83446227,309
26728018,332
73613389,80
00898726,186
02330842,163
41113085,442
59452877,73
50188662,233
95654648,345
19404352,490
59173892,395
37893785,476
19239542,253
99917824,473
37352420,337
34774007,208
52800590,37
83829664,36
07716364,160
75700310,6
84882652,30
72058547,161
90792617,269
42270857,25
95623094,45
93543524,75
07607714,228
10780260,259
96620414,435
96288848,37
19853469,212
69628395,123
66700397,490
98325949,70
34378085,382
79793312,179
78357912,24
88937946,220
54224366,86
57569389,112
17520000,465
44902509,128
14827154,90
85132625,26
79334834,323
96784637,2
67724863,14
78756131,136
67612954,136
87368061,359
83194290,486
34988663,135
91954806,82
18811652,8
05838109,453
50752348,4
26170359,11
68731548,464
05107195,223
44216405,479
59087836,258
44276165,286
10362686,458
31037388,333
54518310,333
59452877,317
75142077,435
83012432,183
98428452,160
82013563,38
68367692,16
43453620,236
35687212,231
11462390,481
55829145,246
41510190,354
73011994,145
66109135,481
21212047,267
68731548,401
85059318,359
84634270,421
81380533,24
74677679,163
52366831,499
54492891,2
24133781,449
66453850,247
64922954,290
81381741,487
74603812,392
90279165,245
17203569,186
17223218,492
38640014,393
19844044,54
12671569,464
09792453,398
26595366,135
26068234,25
18358103,468
94416230,206
75142077,265
13441068,449
12872258,385
76488225,295
98355606,482
86001569,166
55407881,120
96140871,474
50770140,256
51176363,118
42833005,60
40058537,61
68791745,282
13614611,34
54166648,113
26487420,19
09875297,194
75864159,137
66538295,110
94974924,209
77829955,177
86751454,90
89462514,163
01391734,171
50130377,419
17922713,353
68902179,279
06446136,66
84376754,238
38782769,54
68731548,261
78672238,431
94632139,33
01172606,34
02766213,337
31994428,322
59311039,9
03860236,93
71637211,111
10055571,157
96035961,348
39524126,362
17897093,499
38518247,293
41154331,311
26748767,347
64947056,300
17897817,322
61281367,171
97330974,280
92022190,69
22178542,15
98553523,219
36117567,307
55817290,78
58557591,213
05332004,327
04934353,110
73821364,208
10365852,268
65913053,454
03021744,444
92489368,246
20109113,292
26748767,476
72316439,482
59024385,379
41059179,327
33362947,311
78014605,429
56097620,451
76193166,371
10780260,71
34021104,309
18027228,236
81748582,151
55824551,44
78814865,298
07801216,215
81748582,412
75602897,367
32597933,88
48417566,244
13441068,344
25721215,402
53617800,148
10365852,121
19419356,335
70243059,353
89957529,175
26987892,73
03360821,133
40585362,275
44595836,112
18744669,225
35818201,33
48826530,123
70413935,190
96784637,388
42063142,127
22695467,13
78334563,495
36117567,499
53617800,382
73264925,327
45310276,295
05873597,88
96808936,75
24845670,63
74010257,57
66613903,416
68930350,85
56917401,63
07466708,110
73384212,310
13812727,94
32937222,217
69306632,161
59354405,273
48426576,421
36164723,305
07785526,57
93936688,348
49602133,109
99922325,172
45554478,404
94438071,109
11241395,183
75707382,264
25270181,476
51879447,235
08260353,454
15143113,13
67536904,372
67570438,363
86001569,442
82260474,66
52171427,414
21656021,484
61835509,30
55610852,393
19679873,300
57569389,127
44918311,379
47962678,129
42877661,23
30411600,278
44027492,20
44918311,445
42224373,133
58262786,242
08802149,181
02948142,428
57962149,76
03774083,174
45022339,273
20684147,393
37605474,274
58093069,57
92979186,116
75926104,361
90958139,254
37314320,117
90268275,283
73613389,370
05426384,75
35723902,196
07359766,422
34774007,56
59316761,241
56158832,456
63592376,3
79741250,439
27827554,74
31433072,283
99546775,386
74010257,330
83194189,135
18088080,266
82049355,65
90105979,39
75917805,102
86397196,102
36495635,212
75142077,374
39910952,241
59113310,319
20851534,384
25578554,374
35066178,459
04223059,148
59023863,5
77056122,338
13591155,481
55440337,263
13599241,93
43680632,40
43553952,241
68134294,423
71932087,152
88703686,110
37517689,332
42877661,342
69306632,40
11646425,174
01043051,429
28702010,196
48942671,5
63479037,279
43687102,491
96620414,33
87036147,48
73290475,484
13441068,419
89837953,447
57031319,57
07414378,170
43683175,339
62857941,105
45099811,285
51396913,230
62065425,453
17442441,1
05873597,313
08260353,445
65883338,174
31392103,240
50475201,256
13812727,67
83733491,484
91146879,99
04945714,276
37722269,282
35853762,338
34164547,198
72905698,18
87446521,189
00567225,58
91732149,134
10014701,322
33323896,379
88841272,261
60467155,274
86066707,48
15157212,45
28402784,208
71489593,425
49577633,118
03593202,303
53617800,446
58736162,79
56495484,133
70330666,140
63653985,311
85446736,267
39570070,57
82593426,334
38026221,471
36469170,188
22614995,302
34988663,404
84850182,81
41154331,199
47962678,389
81670508,155
01671695,208
36057723,152
70243059,207
47600883,238
77547734,270
70773207,207
11689294,356
77935466,497
90279165,354
37783039,199
72058547,122
61955972,371
52625795,284
35254291,255
49602133,278
25045858,9
71416346,349
97880774,32
67794100,9
94143101,130
00542052,128
57728198,310
42572224,231
01792134,164
34988663,197
13045323,94
82013563,466
01547848,375
17554932,388
55570756,424
37569487,246
52898355,209
87650508,150
80688913,356
63479037,364
28135992,142
48426576,324
47559955,328
77056122,111
37450485,493
67014312,207
35254291,480
49577633,405
13340866,276
35687212,190
82020498,16
00367267,189
73895929,384
91300823,466
84430710,202
87881400,226
70081673,174
02356581,148
34386321,459
45369627,199
15551426,420
56606028,392
61892250,432
97459668,459
39548279,294
18267428,112
64912016,86
03360821,387
19679873,344
83627349,62
12872258,36
08609923,390
92979186,44
52949535,270
83829664,150
30167871,159
74034874,228
03661297,322
35807385,52
09085811,73
82096804,283
37495070,361
60709537,43
81381741,44
46312101,103
77192342,434
11239817,248
87868141,54
54733250,67
10114625,147
65109264,498
45072525,491
29524928,62
70767199,91
48714624,447
81502139,165
08829341,407
89827692,304
76953837,128
05660025,338
28630143,456
47559955,74
47211316,154
20883410,348
49460979,157
24612073,143
33362947,5
36791161,234
11239817,300
30520040,386
57960201,194
66904075,181
78334563,430
99625488,404
10749582,187
56097620,493
47618898,71
46896423,51
24640591,401
05843216,151
82511809,98
02330842,66
23028412,132
73662577,375
03952742,329
98071258,383
94416230,16
86614934,329
97177337,255
68521741,209
46702564,328
05713105,437
09792453,123
03860236,329
02282181,239
75115143,434
86064896,478
45005088,496
10484047,4
69417527,247
76193166,336
02847056,210
24845670,399
31994428,152
35459816,125
68134294,96
93621207,416
68307941,56
38518247,373
52014067,415
61898206,69
55440337,153
72488900,202
55655246,10
40828441,373
81021702,41
72058547,239
17894160,63
67388843,494
05415274,145
66093999,280
59090400,276
18740197,127
59323642,440
85977618,70
74010257,465
79177654,58
92252674,39
02845350,121
04090599,319
46726764,158
04176981,56
79177654,167
33266813,241
10234200,390
54564789,133
41292459,332
38026221,72
24135925,95
83012432,313
53873369,72
22238882,9
76008305,101
88622851,95
23828195,450
62876933,421
84850182,479
82511809,63
79053749,301
78134501,160
41004208,394
17203569,214
67536904,56
21145533,39
56646136,3
39267796,20
20707707,482
18031752,410
38902106,283
14757485,10
45569648,123
92022190,398
56697082,113
64447018,453
52362586,469
99796666,457
05668312,259
40813795,295
09664776,310
25339198,170
08932643,38
48958152,93
47962678,425
88287173,308
09489940,212
17520000,293
54518310,454
67388843,142
02948142,5
62325555,333
29936376,60
22654331,43
20576929,315
28630143,339
36495635,24
33495735,143
99672676,405
65883338,434
09036163,443
59305716,390
30128844,266
73834670,194
79134846,492
45839364,135
69197231,60
66109135,468
01498732,220
77545533,293
25030921,261
15792863,421
96556639,231
18506600,492
69612516,8
78672238,112
06835596,442
09792453,434
25612244,155
63252583,29
07785807,246
65109264,472
71507782,416
80596365,113
45975021,76
96449849,48
83829664,75
81212740,93
14757485,148
94623800,176
77282980,372
06249749,55
72305017,223
63984961,155
76001124,2
66904075,25
63592376,404
09875297,259
84939632,142
28944323,309
41510190,131
15950977,408
27011909,179
26987892,217
78610334,87
38026221,335
73456844,386
89378025,126
23897196,435
34938247,487
41687357,21
62581259,39
39548279,65
88287173,99
85824869,375
44437052,279
17520000,118
16825825,418
39815377,41
41229929,328
07802793,381
92489368,441
36791161,258
47191012,376
66223082,405
81581905,483
51012937,79
99546775,204
38258231,25
25647787,204
54603318,212
59023863,259
11239817,23
57411364,479
05340151,165
92825340,45
00406945,322
03244125,165
94632139,110
85597817,478
05493921,108
28526302,293
62618668,188
24837623,35
45103162,153
25515723,317
05379171,427
50287463,399
63984961,106
26433490,219
37332122,37
59173892,169
91520041,455
69273299,144
26731668,79
65431051,284
36174132,288
06049098,78
60808069,279
62350082,393
50781999,58
81572165,2
94766084,139
71059142,140
76670293,280
24950743,369
40848710,475
39247402,382
00024291,225
77569107,199
57569389,1
62883413,196
37352420,413
83756421,469
70466666,241
67971333,477
70567182,424
57411364,488
80982032,234
01867370,162
50039765,487
81504856,36
53345932,422
82260474,97
60450646,297
13943434,157
02847056,132
37642177,291
10816216,480
19406225,442
36791161,474
78672238,224
08036113,251
93871208,314
17974911,193
25619995,204
97048009,8
81877703,348
59381019,11
17733332,282
65202046,94
55016795,310
34635675,145
67724863,476
17827447,213
65431051,347
43000773,190
02372980,85
25647787,136
59023863,131
65431051,376
17769234,363
63411436,279
78814865,19
95148825,8
66109135,302
92252674,93
88717025,386
42214697,65
58557591,363
12167404,485
18358103,465
57960201,338
26731668,320
77096954,303
12301285,156
99175452,490
18088080,120
09038376,434
43715511,264
66020458,144
91239149,250
09792453,31
54224366,179
68367692,202
20784611,375
46818752,309
28477684,214
41095244,96
24640591,474
16238803,190
67528924,134
71428164,354
66720250,155
15675945,97
10749582,83
33303714,486
55570756,35
66020458,173
73734605,467
86066707,314
22949950,415
54388908,387
57569389,475
92168139,369
82736538,86
35450855,431
48083668,444
86408047,179
39743941,426
16839675,371
77487323,223
37679443,195
02854099,79
78023924,177
49394938,96
43683175,93
17922713,319
89497272,346
00677417,316
78563520,95
63984961,126
43000773,475
23904088,16
27695387,226
34842197,284
24391145,155
17537639,159
71844117,469
11646425,71
05113433,489
06410226,194
57896430,383
89149217,62
16592309,11
91610894,296
37352420,485
55829145,337
84521286,50
28388682,467
21929835,499
26577371,226
07152409,314
51629274,357
05873597,327
13670037,487
83198196,151
96784637,250
25339198,47
28105789,116
14682841,395
29702914,17
80610864,392
91389070,193
70267033,411
28105789,218
28848995,468
33362947,416
27956158,33
89000870,270
35723902,53
48642846,29
78985793,291
31433072,92
49976364,149
70330666,100
27660892,177
83815780,277
95025778,11
81502139,186
65185539,200
68012665,378
76586806,141
88884566,242
15328930,125
41798576,373
89263142,205
20825960,138
77976921,58
71460825,61
14827154,184
29524928,332
76031569,160
61998683,487
40794205,150
82235139,106
09597170,32
69097123,171
90268275,100
28527965,288
96140871,414
13203288,84
43306681,381
65346559,472
67528924,214
81419415,302
69582888,124
47411500,63
98313871,345
48609099,161
45850744,75
87688684,198
19406225,455
05002258,484
28630143,487
08375404,485
99050048,138
48958152,224
43904707,496
24888199,311
71698482,230
80610864,312
01344067,99
84409798,343
71252084,129
87001314,292
86066707,123
94909994,16
93987698,416
57960201,339
18343912,477
01787940,305
01150993,98
42757437,340
07556010,78
05714772,8
11241395,469
45755957,366
50781999,399
67560393,217
35939437,214
00406945,436
93002457,56
64260362,269
73350208,157
75259732,376
76805696,136
82944772,306
42487107,266
24477288,180
26750225,2
53109860,356
98852799,64
00335813,95
25339198,285
09344255,195
93936688,27
69612516,41
74852167,288
41895212,260
11828662,122
57669104,284
02981684,373
59143197,345
43670500,89
64436043,484
91281957,418
81670508,118
08036113,415
19220303,150
63608716,378
23375623,404
85278238,330
01543816,45
68134294,460
76267474,416
39473008,145
99922325,45
37255178,142
59316761,157
60855159,269
16984388,26
34624651,334
68731548,374
71929350,210
45554478,154
41292459,223
62479968,50
02948142,207
57575627,171
82508376,252
20315456,454
11966613,139
09368497,267
52087643,242
14863315,365
91224191,418
27153708,403
41229929,240
50802081,205
24664420,154
37294126,243
66943181,121
19080237,430
28642446,92
75629352,52
51483434,393
29570082,445
88435176,210
07466708,19
93013408,136
95184809,316
28944323,480
35450855,158
33606031,200
91954806,23
47831874,427
15773772,84
15585230,263
43263951,82
33362947,173
48360346,403
27827554,493
65505709,451
03360821,60
59090400,7
95828576,207
28526302,103
22319233,246
30275981,260
80596365,330
07766299,154
24133781,106
65285525,10
51976994,457
15594183,429
18740197,79
31479266,49
57117370,33
44590031,479
20576929,323
10208802,143
76191939,14
28134550,421
50826426,64
32597933,59
35459816,170
28388682,356
30789267,452
58198477,498
82353924,311
66093999,392
50892293,113
07754634,166
63966040,293
15143113,92
88952111,187
59907874,202
96288848,38
71143650,314
48089506,158
88638046,349
26778759,87
68307941,308
19703824,275
17306667,152
46868622,439
22049612,180
49496241,189
54603318,402
52641173,47
07816021,303
82433879,286
64988638,288
55436565,482
15950007,279
62949634,328
68652714,24
92312624,389
51238770,10
56158832,343
69582888,103
36430024,263
05679326,390
66943181,334
30978287,287
43715511,344
93334074,468
23375623,153
01299844,159
40917661,211
38743418,479
02356581,122
49048193,10
37605474,39
07816021,27
22238882,387
59267979,221
78514073,470
45369627,454
10749582,109
72470500,37
85569461,389
51200026,287
11061388,115
99061369,29
43484075,88
21316564,422
61821110,363
82286542,425
88750552,305
63138036,489
24664420,287
32007233,46
56646136,175
12869609,413
72859620,298
20784611,441
52219063,13
70567182,81
17499639,27
94472844,158
74747861,470
00898726,382
05340151,365
38579577,440
50190793,112
19844044,418
72166788,492
05113433,361
65924445,20
99158583,155
59113310,282
92582380,6
45554478,177
67966406,275
47411500,50
02359609,23
45643750,218
89668636,410
74895393,65
92385566,309
01344067,484
60995144,281
03659322,395
16348055,348
47962678,122
15792863,234
56479035,452
41229929,51
00844758,33
98073880,185
50022315,111
52216209,160
86690214,318
01008011,116
14179776,273
32007233,412
83627349,4
57809598,438
51098444,41
66139343,167
15773772,493
84409798,419
81915698,346
69770251,426
66261596,296
34386321,19
84376754,376
50234075,441
48642846,102
52219063,429
97907709,483
94997014,189
95186321,239
64168594,91
74661324,117
13574637,295
51396913,11
38993055,260
40848710,36
47744332,441
94060120,2
16592309,444
69298759,344
54900513,276
67662994,294
03628433,378
47618898,251
06830549,469
18379388,47
95570660,475
89465579,318
69638171,480
97048009,189
36899719,391
18740197,131
75259732,410
09411414,145
59984511,91
77378436,140
75670209,50
50564380,15
57728198,438
00542052,496
79177654,396
00391615,355
65431051,93
39247402,395
90958139,279
59586514,8
18088080,472
83829664,249
39076323,124
67388843,163
10970886,458
41807970,452
86549370,25
40332189,162
16524416,303
09085811,154
28766489,481
25270181,265
03661297,48
26987892,61
78495569,152
99633796,442
93949944,191
99815791,297
51353686,9
99158583,234
17520000,115
66320996,180
20418670,6
33266813,457
10340822,205
84975074,213
91038905,472
92683032,466
57763207,344
99546775,199
95405286,449
77282980,324
48826530,185
83627349,308
57204406,82
85236002,366
53828490,81
24531415,190
63252583,241
75461508,102
13304796,258
99816131,486
37367851,294
89660456,102
53554286,331
96773065,338
74852167,0
90279165,421
11148987,284
77553780,84
55352835,475
94124224,267
36652568,348
02981684,497
23553257,105
42877661,389
32992614,414
73867914,298
70682599,31
35939437,51
34314974,259
95085411,143
62890068,404
12145622,296
67410095,497
82865687,258
00024291,182
12301285,381
14347332,484
71507782,473
79403989,329
23407561,157
67203152,89
82865687,157
24760922,61
22654331,334
62122861,302
98068544,431
25892881,245
34314974,99
09438612,312
14668343,67
22074576,236
47523565,377
61898206,179
53643690,13
60833634,64
91029443,104
03952742,331
62868939,477
40182917,174
60716877,416
41154331,289
31899557,239
55315395,278
71844117,129
56057831,401
88648794,437
37286685,497
75700310,61
01545676,17
49985751,36
60855159,449
78985793,87
57411364,254
82353924,228
06878846,376
99922325,461
00610666,343
12853692,405
54214256,391
87868141,416
98080330,435
61821110,281
36057723,20
73932580,460
74764240,121
67074859,470
56619745,489
55824551,407
36430024,474
86823816,228
75115143,132
77935466,72
30411600,242
37595844,301
77553780,364
35948010,130
49602133,423
45747580,83
68367692,458
10014701,36
76031569,243
10132182,205
29039141,268
10669508,329
94124224,100
26597580,297
67299928,99
47191012,411
19907784,199
52171427,178
09596540,283
07328398,66
37868732,72
20707707,206
58737181,396
59143197,313
57062794,101
41668679,224
95278052,483
66821967,464
49262922,315
64447018,19
92993327,335
24923569,107
89619987,495
62065425,301
46731155,446
41668679,189
59354405,368
37332122,252
25025890,137
01215231,255
62949634,435
53345932,461
79741250,237
35687212,205
50475201,243
22178542,318
48720616,155
39548279,316
49285483,415
84630526,281
81915698,336
87001314,231
17039988,217
19679873,172
46739657,445
20851534,111
07891838,106
35473025,388
94143101,401
68530100,36
16258636,413
29197682,349
79793312,45
69942959,198
54214256,477
85977618,148
57852423,442
37893785,43
15945358,72
67299928,245
77487323,131
73384212,128
71387555,58
98215003,252
11529674,499
42349921,383
22614995,183
89149217,493
78474571,349
85215727,407
06972337,429
20535763,387
45569648,273
49418293,41
19929625,78
73867914,215
40058537,347
83032321,2
51254607,63
37477720,69
48410179,247
63492451,178
60833634,389
88148207,364
34091975,66
65457221,418
85688252,31
08732039,70
05348484,292
13708827,354
91816474,249
26656421,284
82978630,116
12301285,354
52625795,394
66320996,445
15680126,80
27660892,424
09998308,350
58546062,60
36151552,412
15945358,115
47433306,488
64168594,452
08043304,148
01547848,3
77282980,228
04223059,199
45643750,279
52297550,228
30958934,329
77291262,18
15945358,1
93987698,230
45769453,435
66025267,120
17769234,473
29524928,495
02948142,273
30981457,446
25575569,106
87814023,376
39267796,441
26748767,32
83926540,332
42082287,449
32385783,286
66720250,274
38407589,263
84366383,492
52014067,148
01686983,250
48799630,52
99061369,287
79134846,44
67971333,452
42608213,34
14036752,486
82492375,107
77676040,400
17537639,130
32499938,453
32992614,170
42671406,57
68220489,84
98112026,335
14757485,365
53345932,58
49418293,182
17203569,448
25647787,78
78514073,230
69306632,432
16984388,440
46818752,438
24077610,330
01299844,395
24837623,337
88703686,215
14792639,350
00898726,147
57896430,384
32937222,123
00469115,135
12492363,287
57852423,384
41808535,335
68652714,329
07793164,182
97520716,158
14029605,315
33495735,41
63984961,476
65515283,127
43954931,125
96288848,342
21860046,366
86669950,341
07505045,20
71584814,295
13513899,411
20651274,376
05843216,146
06049098,365
21378948,180
65457221,449
75694991,68
39024320,409
97590370,220
33734637,439
50190793,69
75025819,322
97005927,360
99042823,277
52087643,492
31305859,244
25995035,455
65627361,2
70413935,178
61477707,430
59316761,95
85597817,57
58945467,73
02372980,411
05096542,206
56917401,491
44250593,131
44495343,63
99798432,180
05668312,428
41167074,264
28944323,76
54173888,292
30591340,321
60286534,149
23407561,33
93390725,186
03545883,111
20668460,261
08728529,404
99063377,224
78756131,95
16524416,264
80349217,51
39524126,350
42270857,117
72316439,151
12347065,38
63411436,327
30411600,471
14263011,314
86064896,73
21922005,299
39798631,111
27148510,411
87117146,233
94608475,115
42427944,344
96116419,191
94632139,176
69084672,227
32882668,212
01547848,191
05113433,26
76953837,461
22695467,348
27956158,206
38902106,479
32937222,310
88622851,418
61135034,309
39997183,210
75079719,184
92127929,8
09438532,153
29702914,120
00395822,330
97870613,111
98043579,82
10535329,393
20862157,191
31250907,22
15612793,14
03857659,254
69097123,443
42257850,251
57711311,28
75939043,381
73932580,219
48958152,439
97459668,426
08438595,105
24077610,392
70773207,130
79615689,409
36218023,222
29493753,116
88484228,349
73879532,98
77622079,12
49602133,481
97330974,499
36546671,76
63252583,426
65736367,474
56606028,19
96288848,425
51959925,8
09038376,192
03398570,497
85059318,366
81670508,54
52400822,316
11684658,170
49873083,360
97907709,161
94773657,297
48089506,54
63650920,244
52752145,372
38743418,198
22949950,470
36520701,368
65568219,145
72029690,322
58087770,366
27956158,214
28373297,375
46909087,177
73932580,297
13592007,227
15440236,82
24041229,322
91940458,249
04945714,321
10484047,489
86359446,365
82707565,346
25021665,143
25030921,497
13793441,190
52400822,357
10132182,489
55570756,287
18031752,278
82433879,407
72305017,99
99050048,234
62640716,329
94364596,340
79480532,309
46649808,373
73834670,494
89619987,111
62876933,268
25578554,306
66139343,177
57062794,215
19679873,248
54190095,36
92582380,290
07414378,237
87899172,136
13873075,163
07556010,159
95349654,172
68386094,185
75922729,143
48476468,469
40023145,168
00844758,68
29493753,196
59433161,490
90073913,115
67971333,117
49320381,469
16263387,298
76267474,149
13819691,30
81386612,103
10362686,19
84521286,10
53554286,173
18680713,236
40828441,113
46555260,232
82353924,435
76488225,278
94632139,43
05422307,368
37375679,396
36057723,419
95895010,44
50676739,480
66821967,84
73879532,467
72966735,63
13462570,161
69628395,484
34842197,82
21212047,358
89497272,278
97880774,446
65661426,71
65202046,301
95675257,1
28780534,129
16490848,243
71513202,45
49497710,451
67794100,10
56520078,86
30520040,100
98112026,161
03425863,200
98068544,33
67456996,410
61281367,205
21195967,71
92668156,198
36576922,420
76008305,273
95623094,177
30498040,74
37294126,443
91395996,204
70257658,499
34021172,379
07785526,241
62274981,184
83788249,137
97939546,353
67612954,233
81238877,256
42572224,38
36652568,381
66087300,211
27465475,7
31933665,375
84360011,462
36469170,162
74852167,477
04595589,161
57960201,262
93253429,101
71844117,197
37899965,368
55436565,490
96703127,460
42487107,111
81250733,257
59452877,309
13670037,351
01344067,60
89526370,102
32763805,398
01344067,42
69949340,278
26750225,435
60910338,458
08825794,191
14547094,479
05614013,409
61789714,365
17521805,420
52975557,220
30978287,173
15440236,350
45768797,49
98325949,103
53617800,285
77935466,120
28706019,80
83579614,383
47191012,143
56853956,405
13462570,201
20762089,245
79593555,58
21051912,332
52400822,439
92252674,7
61281367,285
29554258,489
76063922,268
62479968,42
74852167,446
33969993,233
01787940,264
13441068,246
75305951,13
93430459,241
02020685,388
47678704,177
84630526,450
90702974,276
40585362,117
89277350,354
23770123,493
49262922,440
93334074,435
49823710,18
05713105,496
77291262,112
64293851,71
01792134,168
48368443,362
18034818,151
42608213,101
28601393,400
64988638,393
36495635,292
67570438,311
94623800,264
43375809,341
50992007,269
09998308,39
97590370,362
66868436,391
18642285,149
62678173,185
57934232,400
70081673,431
93013408,1
15773772,436
83198196,435
64922954,429
62569914,192
09359625,78
45755957,249
53952871,365
29087703,49
53131371,306
16802859,145
27695387,90
65924445,13
62729469,315
30520040,26
60518843,20
03804634,483
36791161,280
85843677,138
30539947,351
57422840,301
17545988,342
85977618,349
04176981,69
01344067,317
52796969,14
03804634,277
54086768,108
29364678,83
07766299,407
45144059,22
62946090,136
90705920,236
74598045,129
70567182,125
64947056,260
68156665,409
10340822,329
13614611,163
17922713,213
55016795,477
65253036,442
72298780,35
97869367,397
00469115,177
36576922,227
66223082,85
35254291,410
16984388,131
09214508,400
24895645,19
96773065,239
43893772,115
76193166,243
76166461,318
92582380,110
22049612,36
31479266,402
86199265,306
57728198,42
07793164,457
77622079,388
14028950,337
95368465,419
49795857,337
86677298,281
92683032,184
14792639,340
58799190,440
37679443,430
52800590,393
35807385,258
17733332,297
39706039,205
95231524,312
04945714,291
96506356,222
88252335,15
89668636,477
06249749,232
39733586,458
11193726,226
88796224,386
23122942,294
92668156,3
46868622,437
66104982,468
82728446,177
11432742,208
09418515,73
33606031,483
66191773,494
28766489,396
27815519,116
63592376,296
65253036,244
03360821,215
78086030,249
78474571,389
52800590,132
83788249,119
18009033,140
51959925,117
92385566,205
15594183,405
81381741,50
19419356,347
18255843,445
39798631,405
37621689,320
58546062,262
41043722,309
99625488,387
92450600,283
52171427,454
96162738,373
57852423,337
26883639,13
28944323,35
04715542,484
41301016,201
56057831,328
63692996,430
09597170,495
71564640,39
70361142,390
07607714,232
79177654,131
93629089,461
48417566,452
25752125,181
91698254,341
09411414,190
67244167,178
39733586,425
12797470,18
41154331,401
30128844,27
26676952,324
29850112,19
58198477,339
29364678,17
86064896,312
49220256,247
18458860,266
86614934,41
44789948,228
34891475,170
10281160,89
39733586,348
27148510,67
01787940,141
62678173,66
73456844,3
44502461,192
16928860,458
45679405,284
42113570,158
29087703,475
20862157,75
32385783,308
76001124,392
59678052,203
70243059,307
23904088,115
28333925,10
47148353,374
62690806,2
79347028,173
57878254,35
93073747,381
48714624,452
32209782,320
92582380,466
07785526,220
53137682,388
72905698,362
94416230,417
46407299,195
66139343,413
29364678,231
25578554,197
00610666,427
07466708,250
82049355,58
77676040,169
68776944,482
50287463,308
10362686,436
61835509,449
75115143,20
84418494,388
68134294,322
18506600,151
59732819,381
71698482,32
06835596,340
68652714,423
69097123,282
91281957,220
11990771,163
63966040,131
65346559,215
70188214,300
68731548,66
88952111,11
57809598,291
49262922,321
12625231,57
42063142,482
01203974,241
11148987,255
19405653,97
42427944,349
83815780,56
86690214,71
95184809,310
85132625,68
67663091,345
76586806,232
63828282,174
82013563,351
15440236,495
15792863,430
03399841,349
62729270,194
65628101,279
40862963,172
99066642,184
60455587,107
10055571,442
19898300,163
53739670,84
22178542,334
59412237,304
16153110,194
81167729,162
28766489,295
78553783,273
34164547,265
81002598,490
06317322,66
02981684,114
72488900,498
62447956,464
38782769,243
45975021,488
77660835,215
89277350,490
28477684,206
58556528,321
32719307,477
67724863,149
37352420,345
20762089,350
14029605,398
71564640,274
34588974,462
94060120,258
06893725,391
33362947,121
76977509,333
